id,z_2017_81Sites,zbar_2017_81Sites,x_2017_81Sites,gamma_81Sites,theta_81Sites,d_theta_winsorized_2017,d_theta_winsorized_2006,pasture_area_2017,siteArea_ha_81Sites,amazonBiomeArea_ha_81Sites,forestArea_1995_ha_81Sites,otherArea_1995_ha_81Sites,z_1995_81Sites,zbar_1995_81Sites,forestArea_2017_ha_81Sites,otherArea_2017_ha_81Sites,gamma2010_81Sites,gamma2017_81Sites,gamma2018_81Sites,gammaSD_81Sites,alpha_81Sites,kappa_81Sites,zeta_81Sites,zeta_alt_81Sites,theta2017_81Sites,theta2006_81Sites,thetaSD_81Sites,p_2017_81Sites
1,480.29264781657685,177645.2737081087,98466055.73418818,555.7873522458628,0.009565399189304614,1,1,15598.556360019364,7223078.625,177988.20641312608,178060.57204880752,225.77726069978337,138.8851692546923,178199.45721806222,177164.9810602921,779.9604979466212,518.7241134751773,576.0762411347517,572.5617021276595,32.145773396167165,0.045007413978564004,2.0942152550133404,1.6615974249023087e-4,2.0579009766144875e-4,0.014632448765671437,0.00449834961293779,0.007165890232114808,44.758760469833035
2,5713.628934761566,3205198.8598349695,1887511247.519922,589.9421660992795,0.024842121393235703,0,0,238995.79930634468,7223078.625,3225844.4510228573,3202919.011672263,13942.94945323611,9699.928055032411,3212618.9397272957,3199485.230900208,21360.696243570128,549.2990196078431,611.4641655450874,609.063313144908,35.218461644500195,0.045007413978564004,2.0942152550133404,1.6615974249023087e-4,2.0579009766144875e-4,0.03188985185132374,0.017794390935147668,0.009966995997778045,44.758760469833035
3,147689.3937465045,1368030.8055876978,656310434.2522517,537.8088688001186,0.10131813476955119,0,0,351254.1013769329,7223078.625,4732369.236540991,1254591.9906949294,3401945.967952776,77469.73470032444,1332061.7253952539,1220341.4118411932,3365972.256081546,513.9071903087143,550.131715210356,549.3877008812856,20.702803321297083,0.045007413978564004,2.0942152550133404,1.6615974249023087e-4,2.0579009766144875e-4,0.17149646525092474,0.031139804288177645,0.09924714675145965,44.758760469833035
4,36.420808924978246,103470.53356813421,76842453.70987368,742.9120979532163,1.2886306411819086,0,0,157.75379731829642,7223078.625,104670.27725209482,103617.37917896127,1104.0503386365162,118.18909027787959,103735.56826923916,103434.11275920924,1369.2617091866778,717.3399122807017,764.6507675438596,746.7456140350877,23.887258959439947,0.045007413978564004,2.0942152550133404,1.6615974249023087e-4,2.0579009766144875e-4,1.7717487521083772,0.8055125302554401,0.6832321847002812,44.758760469833035
5,9344.426290023148,1215945.072311783,778617618.9140328,645.298526468708,1.413958893724415,0,0,12620.86287249219,7223078.625,1593388.0984099212,1220370.2902810886,363785.94730884756,9644.17598928688,1230014.4662703755,1206600.6460217598,377872.0176747387,615.2898402990146,660.657960199005,659.9477789081044,25.990710332537017,0.045007413978564004,2.0942152550133404,1.6615974249023087e-4,2.0579009766144875e-4,1.78819652104881,1.0397212664000197,0.5292519281124876,44.758760469833035
6,577.0929400978703,827842.6730102487,429253681.16484976,518.8825590065644,0.009565399189304612,1,1,0.2174197579602996,7237882.75,835019.24706884,827007.3445222054,8125.834172074428,844.8093136857351,827852.1538358912,827265.5800701508,8132.98579215894,492.5981473312748,532.5817166372722,531.4678130511463,22.769780810031367,0.045007413978564004,2.0942152550133404,1.6615974249023087e-4,2.0579009766144875e-4,0.014632448765671435,0.00449834961293779,0.007165890232114806,44.758760469833035
7,1350.8120472429541,3933940.238911268,1827795249.7280474,464.78161112933446,0.009565399189304612,1,1,1.034162603588716,7237882.75,3983245.556923447,3929868.5479356144,51359.897958765294,3137.866169802234,3933006.4141054167,3932589.4268640247,50431.98849593934,452.3829499117521,472.0274736970139,469.93440977923734,10.788434971406165,0.045007413978564004,2.0942152550133404,1.6615974249023087e-4,2.0579009766144875e-4,0.014632448765671435,0.00449834961293779,0.007165890232114806,44.758760469833035
8,3758.080485774173,1812371.995813367,959471898.7406912,530.5012256122683,0.014851242361507262,0,0,18.030067784605183,7237882.75,1822582.1094058678,1808048.915841837,13298.87401217706,2141.925146230248,1810190.8409880672,1808613.9153275928,11097.440175622323,510.03768976897686,541.7423792557403,539.7236078120876,17.750664323981802,0.045007413978564004,2.0942152550133404,1.6615974249023087e-4,2.0579009766144875e-4,0.025204135110076735,0.00449834961293779,0.014641201334821016,44.758760469833035
9,8963.86542448523,6085749.816471196,3299756041.8914084,543.0100827104226,0.17601317430316946,0,0,104002.84030650847,7237882.75,6526321.212691154,6115265.563943218,401373.97988591506,10509.564315374555,6125775.128258593,6076785.951046711,441399.8327137076,511.1521545847904,559.9882474837182,557.889846062759,27.609717681901916,0.045007413978564004,2.0942152550133404,1.6615974249023087e-4,2.0579009766144875e-4,0.08408243920226928,0.26794390940406965,0.1300096923786214,44.758760469833035
10,625307.1947267982,5610324.102973549,2455361689.4492702,492.5483172158047,0.29143222797818075,0,0,325426.2379460942,7237882.75,6682585.851461271,5462962.213844864,1046727.5032953465,173339.82881296703,5636302.042657831,4985016.90824675,1072712.2876457947,489.2135089579425,495.80890243902434,492.6225402504472,3.2983231477112467,0.045007413978564004,2.0942152550133404,1.6615974249023087e-4,2.0579009766144875e-4,0.1802500342106688,0.40261442174569273,0.15723536632040883,44.758760469833035
11,7103.935333340407,3419085.232796117,2086802981.1887949,611.6103223486562,0.8903413184319247,0,0,36647.49998418991,7237882.75,3428925.898538754,3417957.433023123,7838.021130475925,4243.997012829677,3422201.430035953,3411981.297462777,10957.102711934323,578.5836552180116,629.3933430768695,626.85396875108745,28.63010062522329,0.045007413978564004,2.0942152550133404,1.6615974249023087e-4,2.0579009766144875e-4,0.7746438232176719,1.0060388136461775,0.1636209668645926,44.758760469833035
12,2542.926411305254,4898020.869117723,2995463719.5139446,611.8838149351219,1.3622844421569007,0,0,79908.69463573198,7237882.75,5413769.264801083,4882134.8737508245,526986.3136579066,5947.920435985837,4888082.79418681,4895477.942706417,517049.34481392335,569.5872806374346,633.159908588747,632.904255579184,36.630096229902314,0.045007413978564004,2.0942152550133404,1.6615974249023087e-4,2.0579009766144875e-4,1.3379924582770102,1.3865764260367912,0.034354053059889755,44.758760469833035
13,3581.564117650438,5746261.74412789,4072481932.4190125,709.1604973223062,1.3317963076361803,0,0,18965.886566480593,7237882.75,5759354.721244918,5734672.889983708,16729.460512215457,8888.510282115107,5743561.400265823,5742680.18001024,14021.6069496156,659.3285868931634,738.1462621096836,730.0066429640718,43.34717779420579,0.045007413978564004,2.0942152550133404,1.6615974249023087e-4,2.0579009766144875e-4,1.496562544335165,1.1670300709371955,0.23301464656087975,44.758760469833035
14,115672.09184089687,4427045.0974597465,2994459935.4203386,694.5490291649022,1.4435183440666628,0,0,421454.4550594115,7237882.75,5680500.729626546,4286047.399448391,1329552.4642426234,65623.76988810046,4351671.169336491,4311373.00561885,1254184.9858988062,675.0882547646423,709.5294496018914,699.029383128173,17.652312998060207,0.045007413978564004,2.0942152550133404,1.6615974249023087e-4,2.0579009766144875e-4,1.7013857767920344,1.185650911341291,0.36467962065455234,44.758760469833035
15,852.1239077835021,1615504.4326193312,911318873.2769346,564.4056422302733,0.009565399189304614,1,1,10.230392523790345,7240063.25,1628863.1683206079,1613067.634649431,14299.35400777428,2334.6524122988567,1615402.28706173,1614652.3087115476,14204.772125278814,544.1805096570463,574.4737885462555,574.5626284875183,17.515534928664007,0.045007413978564004,2.0942152550133404,1.6615974249023087e-4,2.0579009766144875e-4,0.014632448765671437,0.00449834961293779,0.007165890232114808,44.758760469833035
16,2187.0705355650616,7080140.335864618,3583200807.503863,506.2481586387361,0.009565399189304614,1,1,36.168200365471,7240063.25,7240063.25,7082018.785021383,156310.93622226472,1730.731977394623,7083749.516998778,7077953.265329054,159920.1583267684,494.1931562887704,514.5600395349616,509.99128009247625,10.686940720060297,0.045007413978564004,2.0942152550133404,1.6615974249023087e-4,2.0579009766144875e-4,0.014632448765671437,0.00449834961293779,0.007165890232114808,44.758760469833035
17,8018.458580218519,6980452.768150298,3679359000.665015,527.7007767021737,0.4512444362427479,0,0,158.56449457344627,7240063.25,7240063.25,6974476.528532641,256033.1480679174,9553.595906653825,6984030.124439294,6972434.30957008,259610.5106236478,516.6088987839228,534.2909841590832,532.202447163515,9.662443454452948,0.045007413978564004,2.0942152550133404,1.6615974249023087e-4,2.0579009766144875e-4,0.020464288652966,0.8820245838325298,0.6092151271225531,44.758760469833035
18,26785.505394957974,6077666.371600857,2812269089.465382,464.77019654640253,0.038219834626089445,0,0,8497.194212474174,7240063.25,7240063.25,6122250.421402628,1110882.5552697189,6913.975517482221,6129164.39692011,6050880.866205899,1162380.526448646,454.1488197512682,470.08022197739416,470.08154791054517,9.198382151644266,0.045007413978564004,2.0942152550133404,1.6615974249023087e-4,2.0579009766144875e-4,0.01626935229956194,0.06017031695261695,0.031042669806806127,44.758760469833035
19,63523.93014856061,6710199.81977433,3477142610.434594,523.1400880945271,0.5528470509401303,0,0,60978.657843231675,7240063.25,7240063.25,6687055.940494332,533057.9726301639,19949.326940060622,6707005.267434393,6646675.889625769,529863.4646183274,508.39059376519526,531.4040839804429,529.6255865379429,12.804352795689727,0.045007413978564004,2.0942152550133404,1.6615974249023087e-4,2.0579009766144875e-4,0.30295067917150076,0.8027434227087599,0.3534068381430249,44.758760469833035
20,9171.070457588337,7189723.396478963,4283239094.3271627,596.5055193324431,1.0488090626728732,0,0,50377.59478217347,7240063.25,7240063.25,7185193.452413168,49826.91369110818,5042.880797766087,7190236.333210934,7180552.326021375,50339.85142779982,571.2580220893376,610.6305544664444,607.6279814415474,21.916453841188044,0.045007413978564004,2.0942152550133404,1.6615974249023087e-4,2.0579009766144875e-4,0.8363096446927222,1.2613084806530244,0.3005195589039188,44.758760469833035
21,357997.8998547132,6843905.459975344,3826973110.4586935,590.0443499980311,1.6162391749641793,0,0,236543.36136904338,7240063.25,7240063.25,6596428.851346124,396329.22189693345,247305.25044119387,6843734.101787318,6485907.560120631,396157.77810127253,567.6446112528016,602.7435979081032,599.7448408331885,19.45660191013552,0.045007413978564004,2.0942152550133404,1.6615974249023087e-4,2.0579009766144875e-4,1.46662282147462,1.7658555284537385,0.21158947625774185,44.758760469833035
22,362379.7711735249,6547659.59833465,3906595596.4297895,631.5956117740934,1.762392307331638,0,0,166053.71163702777,7240063.25,7240063.25,6346686.913581203,677955.9447336223,215420.39391790857,6562107.307499112,6185279.827161125,692403.6475077332,596.4353605204765,651.3367287731287,647.0147460286752,30.52625648313176,0.045007413978564004,2.0942152550133404,1.6615974249023087e-4,2.0579009766144875e-4,1.663857013830684,1.8609276008325921,0.13934994844146267,44.758760469833035
23,98531.7254632279,5635336.488127723,3060249914.83878,552.7104613611273,1.397875193658337,0,0,201174.76387597347,7240063.25,7223205.334513273,5559566.02542007,1601056.6397172958,62643.76861605535,5622209.794036125,5536804.762664495,1587928.9316536335,548.9806339360011,557.5371292106586,551.6136209367222,4.382430493888708,0.045007413978564004,2.0942152550133404,1.6615974249023087e-4,2.0579009766144875e-4,1.4090352311882337,1.3867151561284403,0.015782676431372638,44.758760469833035
24,713183.2333392987,2951317.8562700404,903081824.2919346,403.49754435655325,1.5616895663625057,0,0,609006.5994469282,7240063.25,5089068.908262608,2511180.019801412,2111297.8001720463,467445.6453180646,2978625.6651194766,2238134.622930742,2138596.4566601487,409.4632229580574,399.1916270470153,401.83778306458714,5.333153504228611,0.045007413978564004,2.0942152550133404,1.6615974249023087e-4,2.0579009766144875e-4,1.7059482276586801,1.417430905066331,0.2040125552948368,44.758760469833035
25,1062176.598537366,2270927.7395136394,374508583.7146833,309.83100740835994,1.8779892645766671,0,0,429713.98621899344,7240063.25,2744026.688546367,1632480.364660753,467796.8620361018,646607.7802020101,2279088.144862763,1208751.1409762732,475998.1713135088,323.00680010264307,300.3685750636132,306.11764705882354,11.767076614162562,0.045007413978564004,2.0942152550133404,1.6615974249023087e-4,2.0579009766144875e-4,2.0878840941674013,1.6680944349859328,0.296836114679206,44.758760469833035
26,10958.065311004766,82976.36548181789,14714894.675826736,204.3216049382716,1.5922932329704498,0,0,369.8458200527882,5430047.4375,155559.48424670516,69456.63050632476,72388.31563394974,14247.923646157396,83704.55415248216,72018.30017081312,73139.9207873513,217.20925925925926,193.94629629629628,201.80925925925925,11.83322745755298,0.045007413978564004,2.0942152550133404,1.6615974249023087e-4,2.0579009766144875e-4,1.9591024050380976,1.225484060902802,0.5187465059409139,44.758760469833035
27,15396.529777370208,2026488.6864479543,1247342162.6771524,620.2312303490658,0.4236577078737844,0,0,559.335673675515,7229617,2112156.0632323874,2017197.1001094242,81857.0379840996,14247.408333541487,2031444.5084429658,2011092.156670584,86805.9284082337,593.3577913157737,634.1314532975231,633.2044464339003,23.27769596713443,0.045007413978564004,2.0942152550133404,1.6615974249023087e-4,2.0579009766144875e-4,0.04865059435594691,0.7986648213916219,0.5303401459233126,44.758760469833035
28,30235.674703547968,7016105.196144057,4091305692.290408,585.6544671688582,0.5539669404723041,0,0,3167.4715727259554,7229617,7229617,7012340.959005084,198378.75188907213,18897.25272394924,7031238.211729033,6985869.52144051,213511.82619417628,570.3849005471186,596.7652176874223,589.8132832720338,13.673042698710992,0.045007413978564004,2.0942152550133404,1.6615974249023087e-4,2.0579009766144875e-4,0.08340713912978819,1.02452674181482,0.6654720529661754,44.758760469833035
29,36685.85576082633,6865172.989221514,3734259603.661385,546.8648517126013,0.6712971017224185,0,0,2079.3404798427764,7229617,7229617,6853117.49442623,344753.96783357806,31745.54385782958,6884863.03828406,6828487.1334606875,364443.9888399211,538.469038874399,551.7980413010724,550.3274749623326,7.308070624299659,0.045007413978564004,2.0942152550133404,1.6615974249023087e-4,2.0579009766144875e-4,0.22019451276015783,1.1223996906846792,0.6379553993320447,44.758760469833035
30,29872.381506470796,6769856.859815905,3508754609.6157084,520.5879362048319,0.8218818176742964,0,0,4071.6232981376475,7229617,7229617,6801011.27044929,401050.08634452993,27555.68118339529,6828566.951632685,6739984.478309434,459760.14483992534,512.0985437755282,525.9693283648301,523.6959364741372,7.439382738924298,0.045007413978564004,2.0942152550133404,1.6615974249023087e-4,2.0579009766144875e-4,0.505516390995698,1.1382472443528948,0.44740827707482483,44.758760469833035
31,293433.5588127973,6473803.057185335,3052927733.6124864,493.97171713057065,1.4919412519915078,0,0,100494.7429895522,7229617,7229617,6441312.058202701,654441.6763147739,133863.22766518767,6575175.2858678885,6180369.498372538,755813.9659196357,492.88423116615064,495.5177164542342,493.51320377132714,1.3753134428528213,0.045007413978564004,2.0942152550133404,1.6615974249023087e-4,2.0579009766144875e-4,1.0030616130244179,1.9808208909585976,0.6913802157953207,44.758760469833035
32,286460.17902218533,6272576.532592798,3425425481.848718,572.2283496553675,1.4436748325460176,0,0,169968.2678035121,7229617,7229617,6059007.607007269,965773.7640900331,204835.6283530141,6263843.2353602825,5986116.353570612,957040.4341874844,563.8109130199891,577.1208687440982,575.7532672020154,7.321715176612321,0.045007413978564004,2.0942152550133404,1.6615974249023087e-4,2.0579009766144875e-4,1.0556310846103338,1.831718580481701,0.5487767311247305,44.758760469833035
33,762008.1618069287,6187918.567517067,3198981800.8785977,589.5751241141104,1.9181730298464332,0,0,326979.11129069346,7229617,7229617,5755457.235085114,993509.761874233,480649.6864222857,6236106.9215073995,5425910.405710138,1041698.1729468836,581.6572131475099,594.1143861749083,592.9537730199131,6.881623448006071,0.045007413978564004,2.0942152550133404,1.6615974249023087e-4,2.0579009766144875e-4,1.6023361012831667,2.2340099584097,0.44666086787243403,44.758760469833035
34,1048023.9231448269,6783239.11990195,3797108508.31412,662.0690554839387,2.2042796297844687,0,0,823988.1889300438,7229617,7229617,6453679.323135243,384937.08871861437,391000.6160571652,6844679.939192408,5735215.196757123,446377.9024695979,640.4047082394189,672.6151329243354,673.1873252880616,18.764056255874515,0.045007413978564004,2.0942152550133404,1.6615974249023087e-4,2.0579009766144875e-4,1.923564201823523,2.4849950577454147,0.3969915653897371,44.758760469833035
35,1466554.9830308636,6917198.278746616,3540921510.6561184,649.6336888233559,1.983984620797142,0,0,991155.6055240434,7229617,7229617,6471656.354303047,270194.27734510007,487766.34712619614,6959422.701429243,5450643.295715753,312418.7104431952,633.8361447520184,659.0619448845359,656.0029768335133,13.766303803079525,0.045007413978564004,2.0942152550133404,1.6615974249023087e-4,2.0579009766144875e-4,1.6886199192583562,2.279349322335928,0.4177087667624324,44.758760469833035
36,2505504.298582405,6847818.215978191,2301863181.6107693,530.1005927713454,1.8295457960396244,0,0,1125650.4375770907,7229617,7229617,5362640.497354893,363791.07273663377,1503184.5172764792,6865825.014631372,4342313.917395786,381797.6538779406,544.9820751064653,521.7322119102861,523.5874912972847,12.921083653038593,0.045007413978564004,2.0942152550133404,1.6615974249023087e-4,2.0579009766144875e-4,1.7677347620445178,1.8913568300347312,0.0874140025801843,44.758760469833035
37,3630546.1151278988,6911246.265614724,1586846214.823561,483.691328690337,1.702346642435694,0,0,1577402.7359929648,7229617,7219492.659644991,4543026.649461515,223365.68701599046,2453165.483745503,6996192.133207018,3280700.1504868255,308311.5900351742,508.2175899486008,467.1142368371032,475.74215928530697,21.674025466546674,0.045007413978564004,2.0942152550133404,1.6615974249023087e-4,2.0579009766144875e-4,1.8540671447954256,1.550626140075962,0.21456519212719186,44.758760469833035
38,300993.4347421814,903477.2922439107,128401276.78371318,213.11986235804602,1.0360173877855043,0,0,278234.84586838563,5422212.75,1654227.5071152668,748664.5779386199,714105.5589397876,192886.82036459201,941551.3983032119,602483.8575017293,752188.002618495,224.1152162014231,208.48344191096632,206.76092896174862,9.561125316658917,0.045007413978564004,2.0942152550133404,1.6615974249023087e-4,2.0579009766144875e-4,1.4412354589122587,0.6307993166587501,0.5730648919061214,44.758760469833035
39,1677.5003448743873,3923651.056674422,2945821358.848265,751.1068895643364,0.009565399189304612,1,0,22.541003497646138,7206558.5,3934193.864354939,3923174.130803784,11301.341546340776,1236.061624442752,3924410.1924282266,3921973.556329548,12059.69708808273,716.0145221209051,767.7308341776427,769.5753123944613,30.40487155969707,0.045007413978564004,2.0942152550133404,1.6615974249023087e-4,2.0579009766144875e-4,0.014632448765671435,0.00449834961293779,0.007165890232114806,44.758760469833035
40,22228.959840250005,7153919.837935575,4934812725.920065,691.9554997927806,1.1525621205954844,0,0,4583.010011708946,7206558.5,7201096.7834304795,7143293.368100844,39171.533675991675,18756.87022184816,7162050.238322693,7131690.878095325,47300.008837103254,664.9480707501903,706.817881013831,704.1005476143207,23.428548670776422,0.045007413978564004,2.0942152550133404,1.6615974249023087e-4,2.0579009766144875e-4,0.838863100656755,1.4662611405342136,0.443637408500499,44.758760469833035
41,13781.180081558976,7137828.745054413,4470616829.974693,627.5388799978807,0.8800162529258897,0,0,4167.837919511826,7206558.5,7206558.5,7129561.175435476,62534.36701922775,14462.980154403838,7144024.1555898795,7124047.564972853,68729.7819045298,607.3247630469908,641.7590066456803,633.532870300971,17.98263670512829,0.045007413978564004,2.0942152550133404,1.6615974249023087e-4,2.0579009766144875e-4,0.4306844693407458,1.3293480365110335,0.6354511023514029,44.758760469833035
42,9385.082155257762,7128421.011116844,4284554251.1919155,601.8447292507034,1.0726811392311721,0,0,6552.54754238228,7206558.5,7206558.5,7121515.804657351,79032.2936521628,6010.417392504795,7127526.222049856,7119035.928961586,78137.5241593019,587.9720521429982,609.8275725854236,607.7345630236883,12.059583320221469,0.045007413978564004,2.0942152550133404,1.6615974249023087e-4,2.0579009766144875e-4,0.8710187825785171,1.2743434958838273,0.28519363979830503,44.758760469833035
43,33392.67025352242,6963686.102870945,3815874742.7252297,550.6079619610069,1.3692454772467098,0,0,26906.021186063605,7206558.5,7206558.5,6977527.0702716615,211102.52299631288,17928.898972501072,6995455.969244163,6930293.432617422,242872.43717869854,540.1988527724665,556.3877900571507,555.2372430534035,9.032890189533775,0.045007413978564004,2.0942152550133404,1.6615974249023087e-4,2.0579009766144875e-4,0.9461877915593916,1.7923031629340278,0.5982939167651793,44.758760469833035
44,94994.45112957398,6934925.333682166,3758022029.885179,549.4239772906483,1.2616136201220252,0,0,80094.2962623701,7206558.5,7206558.5,6912858.305121772,264514.65362811077,29185.502768867635,6942043.80789064,6839930.882552592,271633.1882099641,537.1318705325153,556.4458060574322,554.6942552819975,10.68124051525549,0.045007413978564004,2.0942152550133404,1.6615974249023087e-4,2.0579009766144875e-4,0.8526112180545227,1.6706160221895276,0.5784167440470356,44.758760469833035
45,67688.62727610428,7072091.702277897,4314612526.012225,615.9857563609902,1.486163884359085,0,0,65192.089454945904,7206558.5,7206558.5,7067029.928889988,128610.6503297858,10917.899717682852,7077947.828607671,7004403.075001793,134466.77892176778,589.8982281508429,628.6504352511323,629.4086056809954,22.595642316309643,0.045007413978564004,2.0942152550133404,1.6615974249023087e-4,2.0579009766144875e-4,1.1173833533132986,1.8549444154048713,0.5215344285441033,44.758760469833035
46,429667.5655363259,7131869.105470084,4535807905.970689,676.7638780996011,1.7855104572451852,0,0,284777.83690405975,7206558.5,7206558.5,7054961.420061953,68433.93951148582,83162.78070686065,7138124.200768814,6702201.539933758,74689.05598036999,644.1228657877674,693.5780459708047,692.5907225402311,28.272256108154835,0.045007413978564004,2.0942152550133404,1.6615974249023087e-4,2.0579009766144875e-4,1.4816599930996177,2.0893609213907527,0.4297094473280214,44.758760469833035
47,543244.4131700981,7088549.145154162,4231793906.5535975,646.5388671477215,1.359671027521974,0,0,543304.805526738,7206558.5,7206558.5,7078870.183032807,105453.85155193246,22234.47718304885,7101104.660215856,6545304.731984064,118009.3891517698,618.317524469372,661.8020072157207,659.4970697580719,24.467556500344358,0.045007413978564004,2.0942152550133404,1.6615974249023087e-4,2.0579009766144875e-4,1.0697514025095989,1.6495906525343493,0.41000826569062304,44.758760469833035
48,2574056.481091863,7152090.871228486,2734299197.5014997,597.2648880472693,1.9643621508495919,0,0,1774118.3291288929,7206558.5,7206558.5,6325817.573192132,36351.50907642201,844389.4036953663,7170206.976887498,4578034.390136624,54467.60130997095,571.9523121387283,610.1219307652121,609.7204212378674,21.922253005094486,0.045007413978564004,2.0942152550133404,1.6615974249023087e-4,2.0579009766144875e-4,1.6389650514449288,2.2897592502542548,0.4601809911349406,44.758760469833035
49,3907754.71387018,5545534.502206791,706341151.2990946,431.2796850524577,2.073347917125285,0,0,3059758.7090286887,7206558.5,5755570.576026456,2593512.942882999,177419.79234422743,2985330.8956257347,5578843.838508734,1637779.7883366118,210729.11015077675,441.3048301757979,425.9830278343516,426.5511971472236,8.686676876115875,0.045007413978564004,2.0942152550133404,1.6615974249023087e-4,2.0579009766144875e-4,1.8939482548659008,2.25274757938467,0.2537094354523743,44.758760469833035
50,1033201.8509589641,1930475.1565786377,306000810.5970616,341.03411823416695,2.0229073814957896,0,0,994587.0132245045,7206558.5,1939536.1264401725,1364740.9794577025,7611.629849156343,568109.8535629639,1932850.8330206664,897273.3056196736,9987.223782717436,367.4850278551532,326.36263608987724,329.2546907574704,22.952754951928398,0.045007413978564004,2.0942152550133404,1.6615974249023087e-4,2.0579009766144875e-4,2.0921195601065667,1.953695202885013,0.0978808016727497,44.758760469833035
51,230923.08910011404,5771525.0021374775,4173372992.238409,753.234586736545,1.3213861051369264,0,0,120384.24396594497,7170918.875,5793798.179342395,5664385.031865995,18853.520705452083,111491.83252947214,5775876.864395468,5540601.913037363,23207.56084775155,721.1283558690966,770.1228368053288,768.4525675352097,27.81735061511251,0.045007413978564004,2.0942152550133404,1.6615974249023087e-4,2.0579009766144875e-4,1.1684988680508097,1.4742733422230432,0.21621520420093712,44.758760469833035
52,237030.25479343388,7134636.21968513,5255834327.909852,761.9794976201395,1.6319108660639392,0,0,145912.2484803333,7170918.875,7170918.875,7055597.9663620535,27345.48883859849,87975.40961074908,7143573.375972803,6897605.964891696,36282.637349979064,731.3344587520937,782.1364286711334,772.4676054371913,26.97610685588882,0.045007413978564004,2.0942152550133404,1.6615974249023087e-4,2.0579009766144875e-4,1.565345302041921,1.6984764300859574,0.09413792342695267,44.758760469833035
53,383720.6725936014,7130323.314335648,4820748734.895704,714.5446368916332,1.8066156376792293,0,0,179108.1498284146,7170918.875,7170918.875,7013303.026524371,35929.00874767367,121686.8627432229,7134989.889267594,6746602.641742047,40595.61120987745,690.847065201934,725.325086203832,727.4617592691336,20.550487121679648,0.045007413978564004,2.0942152550133404,1.6615974249023087e-4,2.0579009766144875e-4,1.6588263974894566,1.9544048778690017,0.20900554784919126,44.758760469833035
54,142002.6034327703,6982591.444101469,4339174783.659108,634.3276704282864,1.2775140705118035,0,0,195188.08815418518,7170918.875,7170918.875,6961627.799005685,182865.40378531025,26425.679486589455,6988053.478492275,6840588.840668699,188327.47528815796,619.0835483248214,641.9167675810386,641.9826953789992,13.201838154122632,0.045007413978564004,2.0942152550133404,1.6615974249023087e-4,2.0579009766144875e-4,0.9683236705165938,1.5867044705070132,0.4372612570287877,44.758760469833035
55,642573.0423107159,6749146.300699924,3424696365.079397,560.821301926502,2.3334807454626745,0,0,441227.90657577413,7170918.875,7170918.875,6548343.430362573,412985.254619668,209590.15461643523,6757933.584979008,6106573.2583892085,421772.56188766484,552.8201462765957,564.0551128016261,565.588646701284,6.971499146946104,0.045007413978564004,2.0942152550133404,1.6615974249023087e-4,2.0579009766144875e-4,1.8764772961244025,2.7904841948009467,0.64630047610547,44.758760469833035
56,422712.32938820776,6857692.649058391,3971006774.303757,617.0969571057345,2.102425262059752,0,0,284536.74108329765,7170918.875,7170918.875,6809506.229030527,312273.2891008514,49139.30876198355,6858645.53779251,6434980.319670184,313226.2742197575,605.0932899947694,624.0526659574865,622.1449153649478,10.439152080699994,0.045007413978564004,2.0942152550133404,1.6615974249023087e-4,2.0579009766144875e-4,1.6558395073349588,2.5490110167845454,0.6315676310944273,44.758760469833035
57,143328.89572640735,6951490.588027891,4054383377.7114854,595.5180797624256,2.1574125359989718,0,0,367144.87895891897,7170918.875,7170918.875,6933334.616279211,227651.5285671207,9932.75273329072,6943267.369012502,6808161.692301484,219428.26619881912,580.8749143429444,603.1545906448156,602.5247342995169,12.685263098597776,0.045007413978564004,2.0942152550133404,1.6615974249023087e-4,2.0579009766144875e-4,1.760586515127714,2.5542385568702293,0.5611967406186814,44.758760469833035
58,775932.8880314889,6925245.291118768,3655898207.938355,594.5214632619578,1.7591091391278844,0,0,394698.93332703074,7170918.875,7170918.875,6843975.210612005,219386.49825760326,107556.42681476285,6951531.6374267675,6149312.403087279,245673.41901762132,573.6924093996033,603.9381967377163,605.9337836485539,18.06606502203306,0.045007413978564004,2.0942152550133404,1.6615974249023087e-4,2.0579009766144875e-4,1.4056544401557312,2.1125638381000376,0.4998604289709187,44.758760469833035
59,112998.60999727668,7070400.547221225,3867910150.3834286,555.9417416563332,1.2824467916126503,0,0,650597.4647327886,7170918.875,7170918.875,7079177.713642657,77878.45700725571,13862.685895354174,7093040.399538011,6957401.937223949,100518.31710907754,530.0432882837109,569.2375232774674,568.5444134078213,22.4313957578049,0.045007413978564004,2.0942152550133404,1.6615974249023087e-4,2.0579009766144875e-4,0.9476191219899381,1.6172744612353627,0.47351783143821763,44.758760469833035
60,2824844.17491085,6219363.373477953,1459990049.8250718,430.10216305194683,2.1385938034791447,0,0,2511694.02880067,7170918.875,6559744.437925834,4767536.189572956,316527.59639150643,1476256.0680452762,6243792.257618233,3394519.1985671027,340956.5456159746,424.2444256960347,433.50090285301553,432.5611606067902,5.09466329314033,0.045007413978564004,2.0942152550133404,1.6615974249023087e-4,2.0579009766144875e-4,1.879771272445744,2.397416334512546,0.36603033363516685,44.758760469833035
61,1805485.450413916,2352445.7779283584,153868123.5143043,281.314961568655,2.210356723238192,0,0,2156268.032312847,7170918.875,2445745.3479249333,636225.9112602692,105430.0271841164,1704714.312925689,2340940.224185958,546960.3275144424,93924.47013000006,291.6111111111111,275.47515290519874,276.85862068965514,8.943518173969423,0.045007413978564004,2.0942152550133404,1.6615974249023087e-4,2.0579009766144875e-4,2.0580394620052163,2.3626739844711673,0.2154091366191996,44.758760469833035
62,1933.9894224766556,761650.1796125177,668545446.9284831,879.9936812735926,1.6980769159225892,0,0,11661.739971588548,7122746.75,762165.5262858378,760258.3419406858,817.5004412473772,1571.443971158591,761829.7859118443,759716.1901900411,999.4019541630614,838.8208600032824,903.4027572624323,897.7574265550631,35.768258948634504,0.045007413978564004,2.0942152550133404,1.6615974249023087e-4,2.0579009766144875e-4,1.6564034622639194,1.7397503695812588,0.05893516335501737,44.758760469833035
63,82476.5008257816,3616263.3468388943,2792111042.9129305,790.1186926605504,2.254911414018697,0,0,193731.39691098875,7122746.75,3621796.944064422,3582253.830976559,4874.410321333115,35793.69456483482,3618047.5255413936,3533786.846013113,6651.566739445545,750.4178134556574,812.5621177370031,807.3761467889908,34.47960891453869,0.045007413978564004,2.0942152550133404,1.6615974249023087e-4,2.0579009766144875e-4,2.2746597018440458,2.2351631261933482,0.0279282964762557,44.758760469833035
64,1443602.7157079973,4046993.580471642,1801108243.3294125,691.8316675790174,2.4571259187826024,0,0,1056602.0750861499,7122746.75,4069776.3035441036,3345571.4434809806,12939.71221102014,712208.4651516337,4057779.908632614,2603390.8647636445,23719.49897864077,663.6175461525894,709.5281452447057,702.3493113397572,24.696384349892757,0.045007413978564004,2.0942152550133404,1.6615974249023087e-4,2.0579009766144875e-4,2.246036346578876,2.6682154909863294,0.29852573588604503,44.758760469833035
65,968643.7866233933,3862731.19142241,1865651466.399701,644.6424055147925,2.0963584015877306,0,0,339467.53389485553,7122746.75,3941851.474404919,3655562.9337787437,68733.7862491092,218649.0460116301,3874211.9797903737,2894087.4047990167,80232.78836367594,632.2139173004633,652.1878414404964,649.5254578034177,10.845393544175106,0.045007413978564004,2.0942152550133404,1.6615974249023087e-4,2.0579009766144875e-4,1.6989094186118183,2.4938073845636426,0.5620777420759283,44.758760469833035
66,3398858.5621535047,6899631.38409216,2145000048.105346,612.721863773351,2.936382808235206,0,0,2579682.9078780073,7122746.75,7122746.75,5218033.080098486,181794.83913618384,1722918.8663292476,6940951.946427733,3500772.8219386553,223115.36993578175,602.9740994920709,617.8953865770255,617.2961052509563,8.447127670959693,0.045007413978564004,2.0942152550133404,1.6615974249023087e-4,2.0579009766144875e-4,2.7171215054780937,3.1556441109923186,0.31008230806270165,44.758760469833035
67,1226145.4334957227,7068235.4011188075,3763556447.824285,644.2140515948828,2.8860269792676463,0,0,1409881.361295344,7122746.75,7122746.75,6352068.863036048,45623.35560013098,725054.5327204041,7077123.395756451,5842089.967623085,54511.38174848839,630.249570200573,651.4074450945476,650.9851394895277,12.095438849625332,0.045007413978564004,2.0942152550133404,1.6615974249023087e-4,2.0579009766144875e-4,2.779898409628149,2.9921555489071436,0.15008846253943464,44.758760469833035
68,2640896.539930064,7014755.113686711,2337057058.4411855,534.3238742248402,2.6184269026796185,0,0,1771195.3910223255,7122746.75,7122746.75,6064082.177332055,85027.19962531322,973637.339575822,7037719.516907876,4373858.573756646,107991.5624960112,531.8884251036116,533.5362875909399,537.5469099799693,2.9102976314143993,0.045007413978564004,2.0942152550133404,1.6615974249023087e-4,2.0579009766144875e-4,2.3254195237480273,2.9114342816112098,0.414375009160449,44.758760469833035
69,3210661.266963465,6973697.2158584595,1649506326.4297075,438.3445571159321,2.4454184441316325,0,0,2090543.1794035973,7122746.75,7122746.75,5401491.6743128095,112716.02484062508,1608539.0345136197,7010030.708826429,3763035.9488949943,149049.47577758553,441.15302690582956,436.8016315456944,437.07901289627233,2.436157224808594,0.045007413978564004,2.0942152550133404,1.6615974249023087e-4,2.0579009766144875e-4,2.0895006839304284,2.8013362043328365,0.5033437235659978,44.758760469833035
70,1466631.4985449116,6957779.728332206,2196300824.5339856,399.97114130336666,2.172892932432543,0,0,1458712.1027128797,7122746.75,7122746.75,6228074.329798572,171663.08495961037,723009.3468618066,6951083.676660378,5491148.229787294,164967.0183544058,397.1306362667408,401.8302696078431,400.95251803551605,2.4987924289550887,0.045007413978564004,2.0942152550133404,1.6615974249023087e-4,2.0579009766144875e-4,1.8960308476789307,2.449755017186155,0.39154211516544746,44.758760469833035
71,1992156.5007526078,3624090.7578613865,516096508.7365462,316.2483454761776,1.9308864735305362,0,0,1614919.421148259,7122746.75,3698473.2622913513,2723278.3519981587,93691.11452321967,882249.3097016707,3605527.6616998296,1631934.2571087787,75128.00968028604,318.7783938637834,316.67693370165745,313.28970886309196,2.7693287380642833,0.045007413978564004,2.0942152550133404,1.6615974249023087e-4,2.0579009766144875e-4,1.6768382883326858,2.1849346587283867,0.35927838900307185,44.758760469833035
72,35954.02398489008,436805.86004669045,219605536.64828917,547.8471517202481,2.6426274353826584,0,0,35352.8711256893,7062108.125,459599.14026561123,420097.53846887243,29949.940085409507,9954.636407665217,430052.17487653764,400851.83606180036,23198.876355638917,540.6937394247038,551.950592216582,550.8971235194585,6.21738929748555,0.045007413978564004,2.0942152550133404,1.6615974249023087e-4,2.0579009766144875e-4,2.453512481795299,2.8317423889700177,0.2674489322108019,44.758760469833035
73,1003991.5361933919,2849125.8629063475,888015245.6151404,481.2740366697906,2.994680479515777,0,0,794017.6517858393,7062108.125,3231824.8887099503,2462813.670405883,383448.8253887336,386461.1770806436,2849274.8474865267,1845134.3267129557,383601.59796891053,480.2153851901666,482.35569969432635,481.2510251248788,1.0703427920897821,0.045007413978564004,2.0942152550133404,1.6615974249023087e-4,2.0579009766144875e-4,2.9141336631105874,3.0752272959209663,0.11391040016619464,44.758760469833035
74,1756907.8836895067,4401703.506077482,1187423040.055474,448.9658974039569,3.1509849276077215,0,0,1433948.9965393976,7062108.125,4827044.912563446,3293148.923866393,437084.8372141691,1097675.742794386,4390824.666660779,2644795.622387976,426206.0947659714,447.477237526275,450.5521813280519,448.8682733575437,1.5397946898369592,0.045007413978564004,2.0942152550133404,1.6615974249023087e-4,2.0579009766144875e-4,3.3036207017656842,2.9983491534497584,0.21585958191750795,44.758760469833035
75,662782.7461972998,2630069.5821489175,815283767.574757,414.4203848039207,2.87219258327673,0,0,625451.8190642786,7062108.125,2648076.22884705,2450615.7604961228,18446.559117889195,179625.17735969834,2630240.937855821,1967286.8359516177,18617.92885514733,409.8099332325523,416.78826450436856,416.6629566748412,3.993259731345462,0.045007413978564004,2.0942152550133404,1.6615974249023087e-4,2.0579009766144875e-4,3.117146480920403,2.6272386856330576,0.34641712420383286,44.758760469833035
76,1942158.6855006733,4152444.650218677,860095447.9986789,389.13310844301225,2.977605092044459,0,0,469324.19855988084,7062108.125,4188417.57149243,3613343.6721501597,39951.857631961306,535953.460301569,4149297.132451729,2210285.9647180038,36804.39754313298,392.3042328042328,388.1408654716639,386.9542270531401,2.80963520226808,0.045007413978564004,2.0942152550133404,1.6615974249023087e-4,2.0579009766144875e-4,3.3871499458105516,2.568060238278366,0.5791838865961144,44.758760469833035
77,1263981.6227259333,4952058.725588936,1296884045.7310765,351.64233543933324,2.4992287306949903,0,0,900328.6930980216,7062108.125,5188651.869097766,4500483.450044869,221961.05769569316,460144.9135258422,4960628.363570712,3688077.1028630035,232643.852869078,360.7517286232628,347.7304804804805,346.4447972142564,7.915113928417519,0.045007413978564004,2.0942152550133404,1.6615974249023087e-4,2.0579009766144875e-4,2.9914825650573103,2.00697489633267,0.6961520486853523,44.758760469833035
78,502778.80999226007,973560.1652094162,141699594.57042074,300.9881190070905,2.0662847060962797,0,0,809280.8279739905,7062108.125,1025516.0341536466,739474.5418332145,50153.14651772613,236204.10142137198,975678.6432545865,470781.3552171561,52271.6202158423,313.27777777777777,295.52296228710463,294.16361695638915,10.664836588386251,0.045007413978564004,2.0942152550133404,1.6615974249023087e-4,2.0579009766144875e-4,2.0296282411116495,2.1029411710809094,0.05184006992991812,44.758760469833035
79,860690.5049079219,1577160.4082438345,245812682.77795324,343.0886372664637,2.7004026465724227,0,0,962849.7941621934,6989087,2159593.1252544476,1085805.321574533,650695.6433390896,423825.9999550544,1509631.3215295873,716469.9033359126,583146.6038722268,359.07804404145077,335.45401929260447,334.7338484653359,13.851913523665738,0.045007413978564004,2.0942152550133404,1.6615974249023087e-4,2.0579009766144875e-4,2.8326599878715037,2.568145305273342,0.18704012578856738,44.758760469833035
80,2149764.6691846712,3177990.268652912,298550241.4032689,290.3548030292843,2.767068868960696,0,0,2775971.084935177,6989087,3602675.0961716576,1346280.7820555812,406880.8128196257,1849143.1447338127,3195423.9267893936,1028225.5994682412,424312.2572350538,315.4330831769856,278.62844880441446,277.0028771064529,21.73363113267647,0.045007413978564004,2.0942152550133404,1.6615974249023087e-4,2.0579009766144875e-4,3.0630326099721614,2.4711051279492304,0.41855593650909273,44.758760469833035
81,159391.58816178655,270291.9381979981,35163024.09791329,317.0686484436861,3.119013050135973,0,0,209303.2591932542,6989087,304669.4765255023,134184.87419737782,101015.40746924817,69576.34794610238,203761.2221434802,110900.35003621154,34484.689776202315,326.05418381344305,313.9695121951219,311.1822493224932,7.905510292900079,0.045007413978564004,2.0942152550133404,1.6615974249023087e-4,2.0579009766144875e-4,3.6829871059578005,2.5550389943141454,0.7975797585697896,44.758760469833035
